"Landscape_Treatment","Edge_Treatment","total","houseloss","carbon","powerloss","environmental","lifeloss","edge","landscape","region"
"l0","e0",116992.373899183,0,16045.5023157291,0,100946.871583453,0,0,0,"NSW_BHILL"
"l1","e0",603724.658523877,0,15535.9026044693,0,97595.6309109275,0,0,490593.12500848,"NSW_BHILL"
"l2","e0",814799.206347475,0,15150.5544190215,0,95776.2308614054,0,0,703872.421067048,"NSW_BHILL"
"l3","e0",963252.51584601,0,14793.9675503223,0,94202.4116991284,0,0,854256.136596559,"NSW_BHILL"
"l5","e0",1352032.16190564,0,14149.7848678512,0,91682.2833213081,0,0,1246200.09371648,"NSW_BHILL"
"l10","e0",1392435.15148269,0,13190.4516961387,0,86824.7329862776,0,0,1292419.96680027,"NSW_BHILL"
"l15","e0",1538110.91593453,0,12016.0712685102,0,80479.4032348442,0,0,1445615.44143118,"NSW_BHILL"
"l0","e1",343269.787766166,0,15678.5714492624,0,98418.2614609095,0,229172.954855994,0,"NSW_BHILL"
"l1","e1",830078.133513248,0,15164.0847345568,0,95147.9689142168,0,229172.954855994,490593.12500848,"NSW_BHILL"
"l2","e1",1040936.11913213,0,14724.1093747243,0,93166.633834361,0,229172.954855994,703872.421067048,"NSW_BHILL"
"l3","e1",1189517.60037027,0,14415.6211534823,0,91672.8877642332,0,229172.954855994,854256.136596559,"NSW_BHILL"
"l5","e1",1578339.90110081,0,13763.4913537821,0,89203.3611745509,0,229172.954855994,1246200.09371648,"NSW_BHILL"
"l10","e1",1618795.07434939,0,12847.571561034,0,84354.5811320943,0,229172.954855994,1292419.96680027,"NSW_BHILL"
"l15","e1",1764717.2152905,0,11740.5353840382,0,78188.2836192908,0,229172.954855994,1445615.44143118,"NSW_BHILL"
"l0","e2",378666.435917375,0,15384.2363827893,0,96042.4729973049,0,267239.726537281,0,"NSW_BHILL"
"l1","e2",865355.580588452,0,14839.2508593137,0,92683.478183377,0,267239.726537281,490593.12500848,"NSW_BHILL"
"l2","e2",1076822.18102376,0,14413.9642941338,0,91296.0691252962,0,267239.726537281,703872.421067048,"NSW_BHILL"
"l3","e2",1224427.48618421,0,14061.0074834961,0,88870.615566875,0,267239.726537281,854256.136596559,"NSW_BHILL"
"l5","e2",1613704.83004181,0,13429.9308947494,0,86835.0788933043,0,267239.726537281,1246200.09371648,"NSW_BHILL"
"l10","e2",1654221.08826258,0,12527.3796230668,0,82034.0153019627,0,267239.726537281,1292419.96680027,"NSW_BHILL"
"l15","e2",1800156.56647422,0,11465.1320294202,0,75836.2664763406,0,267239.726537281,1445615.44143118,"NSW_BHILL"
"l0","e3",414788.756326753,0,15144.5526751994,0,94402.3106125365,0,305241.893039017,0,"NSW_BHILL"
"l1","e3",901619.569191658,0,14623.2275678241,0,91161.3235763365,0,305241.893039017,490593.12500848,"NSW_BHILL"
"l2","e3",1112831.06780345,0,14203.1846236444,0,89513.5690737428,0,305241.893039017,703872.421067048,"NSW_BHILL"
"l3","e3",1261111.8717841,0,13846.7552981787,0,87767.0868503453,0,305241.893039017,854256.136596559,"NSW_BHILL"
"l5","e3",1650273.06397294,0,13248.7920379875,0,85582.2851794534,0,305241.893039017,1246200.09371648,"NSW_BHILL"
"l10","e3",1690570.44513125,0,12317.1133398485,0,80591.4719521111,0,305241.893039017,1292419.96680027,"NSW_BHILL"
"l15","e3",1837205.60163728,0,11306.6420883083,0,75041.6250787778,0,305241.893039017,1445615.44143118,"NSW_BHILL"
"l0","e5",479453.904568274,0,15038.8596430284,0,94515.4221341971,0,369899.622791048,0,"NSW_BHILL"
"l1","e5",966158.467763175,0,14509.492909038,0,91156.2270546095,0,369899.622791048,490593.12500848,"NSW_BHILL"
"l2","e5",1177336.06640297,0,14030.8816215279,0,89533.1409233414,0,369899.622791048,703872.421067048,"NSW_BHILL"
"l3","e5",1325214.32602871,0,13713.5312270056,0,87345.0354141021,0,369899.622791048,854256.136596559,"NSW_BHILL"
"l5","e5",1714505.93911546,0,13110.3223785528,0,85295.9002293797,0,369899.622791048,1246200.09371648,"NSW_BHILL"
"l10","e5",1754874.75045966,0,12231.995266024,0,80323.1656023204,0,369899.622791048,1292419.96680027,"NSW_BHILL"
"l15","e5",1901363.77416486,0,11221.7206247028,0,74626.9893179293,0,369899.622791048,1445615.44143118,"NSW_BHILL"
"l0","e10",548542.751715709,0,14216.7254552893,0,88831.8275160426,0,445494.198744377,0,"NSW_BHILL"
"l1","e10",1035465.89634753,0,13691.617092865,0,85686.9555018057,0,445494.198744377,490593.12500848,"NSW_BHILL"
"l2","e10",1246636.84751791,0,13256.5991184463,0,84013.6285880379,0,445494.198744377,703872.421067048,"NSW_BHILL"
"l3","e10",1394811.33988208,0,12894.3458002952,0,82166.6587408455,0,445494.198744377,854256.136596559,"NSW_BHILL"
"l5","e10",1784139.38218155,0,12377.4473652756,0,80067.6423554219,0,445494.198744377,1246200.09371648,"NSW_BHILL"
"l10","e10",1824929.29730468,0,11535.8582005975,0,75479.2735594312,0,445494.198744377,1292419.96680027,"NSW_BHILL"
"l15","e10",1971710.05803061,0,10661.2414658254,0,69939.1763892297,0,445494.198744377,1445615.44143118,"NSW_BHILL"
"l0","e15",589255.047830832,0,13790.667863142,0,86123.3589503426,0,489341.021017347,0,"NSW_BHILL"
"l1","e15",1076102.83514385,0,13224.5736778411,0,82944.1154401809,0,489341.021017347,490593.12500848,"NSW_BHILL"
"l2","e15",1287317.13544227,0,12813.3574690202,0,81290.3358888522,0,489341.021017347,703872.421067048,"NSW_BHILL"
"l3","e15",1435424.92292618,0,12498.4631253694,0,79329.302186908,0,489341.021017347,854256.136596559,"NSW_BHILL"
"l5","e15",1825017.67627065,0,11974.4045854443,0,77502.156951381,0,489341.021017347,1246200.09371648,"NSW_BHILL"
"l10","e15",1865865.56068055,0,11162.3332121741,0,72942.23965076,0,489341.021017347,1292419.96680027,"NSW_BHILL"
"l15","e15",2013320.14540833,0,10364.778061973,0,67998.9048978296,0,489341.021017347,1445615.44143118,"NSW_BHILL"
"l0","e0",425353.212118911,0,54921.3686242532,0,370431.843494657,0,0,0,"NSW_NAN"
"l1","e0",1878378.97649314,0,53276.0331132268,0,357028.991326441,0,0,1468073.95205347,"NSW_NAN"
"l2","e0",2442519.95790219,0,51954.1294405194,0,349776.299145056,0,0,2040789.52931662,"NSW_NAN"
"l3","e0",3660311.59704061,0,51095.9407536031,0,345105.969938701,0,0,3264109.68634831,"NSW_NAN"
"l5","e0",4906062.18254854,0,49231.9961360943,0,334747.824771822,0,0,4522082.36164062,"NSW_NAN"
"l10","e0",5824343.50507558,0,46527.59614245,0,318323.132906938,0,0,5459492.77602619,"NSW_NAN"
"l15","e0",8095992.58374168,0,43513.6816101919,0,299185.07086796,0,0,7753293.83126353,"NSW_NAN"
"l0","e1",1132229.21750785,0,53152.2869925715,0,360157.719643624,0,718919.210871655,0,"NSW_NAN"
"l1","e1",2587532.05448231,0,52136.8549886126,0,348402.036568575,0,718919.210871655,1468073.95205347,"NSW_NAN"
"l2","e1",3151704.28441742,0,50725.346963415,0,341270.19726573,0,718919.210871655,2040789.52931662,"NSW_NAN"
"l3","e1",4370160.97972951,0,50103.9567797567,0,337028.125729788,0,718919.210871655,3264109.68634831,"NSW_NAN"
"l5","e1",5615611.31121873,0,48111.6868975783,0,326498.051808876,0,718919.210871655,4522082.36164062,"NSW_NAN"
"l10","e1",6532812.5311441,0,45258.3911039765,0,309142.153142274,0,718919.210871655,5459492.77602619,"NSW_NAN"
"l15","e1",8808102.49270671,0,43163.4618227692,0,292725.988748759,0,718919.210871655,7753293.83126353,"NSW_NAN"
"l0","e2",1523819.48834562,0,52306.8376132575,0,352321.765866426,0,1119190.88486594,0,"NSW_NAN"
"l1","e2",2978887.19005201,0,51256.9381668094,0,340365.414965795,0,1119190.88486594,1468073.95205347,"NSW_NAN"
"l2","e2",3544457.63660004,0,49891.2755798403,0,334585.946837639,0,1119190.88486594,2040789.52931662,"NSW_NAN"
"l3","e2",4761215.21632454,0,49162.1401320829,0,328752.504978206,0,1119190.88486594,3264109.68634831,"NSW_NAN"
"l5","e2",6007514.38989441,0,47205.4936891431,0,319035.64969871,0,1119190.88486594,4522082.36164062,"NSW_NAN"
"l10","e2",6925349.60190573,0,44454.6478106279,0,302211.29320297,0,1119190.88486594,5459492.77602619,"NSW_NAN"
"l15","e2",9201101.86965568,0,42514.4864302694,0,286102.667095941,0,1119190.88486594,7753293.83126353,"NSW_NAN"
"l0","e3",1871656.32209053,0,51632.9697389537,0,347128.568603075,0,1472894.7837485,0,"NSW_NAN"
"l1","e3",3327440.57268079,0,50770.5847375972,0,335701.252141219,0,1472894.7837485,1468073.95205347,"NSW_NAN"
"l2","e3",3892300.99042614,0,49405.3101490229,0,329211.367211992,0,1472894.7837485,2040789.52931662,"NSW_NAN"
"l3","e3",5110792.65464598,0,48653.0325239732,0,325135.152025194,0,1472894.7837485,3264109.68634831,"NSW_NAN"
"l5","e3",6356426.71959191,0,46785.3081598538,0,314664.266042932,0,1472894.7837485,4522082.36164062,"NSW_NAN"
"l10","e3",7274045.89037543,0,44027.0205169986,0,297631.310083741,0,1472894.7837485,5459492.77602619,"NSW_NAN"
"l15","e3",9550854.37229357,0,42088.6843536679,0,282577.072927877,0,1472894.7837485,7753293.83126353,"NSW_NAN"
"l0","e5",2405304.51473671,0,51379.5641455516,0,346068.537949476,0,2007856.41264168,0,"NSW_NAN"
"l1","e5",3860882.25323873,0,50479.6706378647,0,334472.217905717,0,2007856.41264168,1468073.95205347,"NSW_NAN"
"l2","e5",4425544.84282041,0,49036.1318888568,0,327862.768973254,0,2007856.41264168,2040789.52931662,"NSW_NAN"
"l3","e5",5643346.48009616,0,48390.8108810159,0,322989.570225155,0,2007856.41264168,3264109.68634831,"NSW_NAN"
"l5","e5",6889279.13968835,0,46455.9862950545,0,312884.379110994,0,2007856.41264168,4522082.36164062,"NSW_NAN"
"l10","e5",7806638.84723293,0,43745.3023189603,0,295544.356246098,0,2007856.41264168,5459492.77602619,"NSW_NAN"
"l15","e5",10084002.0706538,0,41878.7120742156,0,280973.114674381,0,2007856.41264168,7753293.83126353,"NSW_NAN"
"l0","e10",2998509.78113859,0,49262.0594896726,0,328215.73144646,0,2621031.99020246,0,"NSW_NAN"
"l1","e10",4454376.93609538,0,48397.2277961844,0,316873.766043267,0,2621031.99020246,1468073.95205347,"NSW_NAN"
"l2","e10",5018987.84027716,0,47023.7354136271,0,310142.585344453,0,2621031.99020246,2040789.52931662,"NSW_NAN"
"l3","e10",6237137.91974829,0,46276.4811128362,0,305719.762084683,0,2621031.99020246,3264109.68634831,"NSW_NAN"
"l5","e10",7483828.60469753,0,44632.7148228543,0,296081.538031595,0,2621031.99020246,4522082.36164062,"NSW_NAN"
"l10","e10",8401949.46453981,0,42049.3935573022,0,279375.304753854,0,2621031.99020246,5459492.77602619,"NSW_NAN"
"l15","e10",10680501.6536808,0,40424.2241222942,0,265751.608092526,0,2621031.99020246,7753293.83126353,"NSW_NAN"
"l0","e15",3400571.19943216,0,48121.055272968,0,319703.286029321,0,3032746.85812987,0,"NSW_NAN"
"l1","e15",4856324.68373554,0,47170.5856174169,0,308333.287934778,0,3032746.85812987,1468073.95205347,"NSW_NAN"
"l2","e15",5421316.43011486,0,45901.6513626564,0,301878.391305709,0,3032746.85812987,2040789.52931662,"NSW_NAN"
"l3","e15",6639003.06084398,0,45261.7744324033,0,296884.741933398,0,3032746.85812987,3264109.68634831,"NSW_NAN"
"l5","e15",7886511.11398806,0,43598.2843939237,0,288083.609823642,0,3032746.85812987,4522082.36164062,"NSW_NAN"
"l10","e15",8805627.05162133,0,41123.8955068953,0,272263.521958371,0,3032746.85812987,5459492.77602619,"NSW_NAN"
"l15","e15",11084934.0510174,0,39689.0068839796,0,259204.354740057,0,3032746.85812987,7753293.83126353,"NSW_NAN"
"l0","e0",1397509.52338762,61763.6066927901,80749.8628718913,1415.09384790605,1252346.0670574,1234.89291763303,0,0,"VIC_LD"
"l1","e0",2593706.78932064,60978.63878069,75375.2686204292,1238.17063372881,1216242.97652239,1151.74295261735,0,1238719.99181079,"VIC_LD"
"l2","e0",3365865.1759401,60538.7180348393,70562.6768166953,1297.40904911325,1188237.48425478,1093.24285880029,0,2044135.64492587,"VIC_LD"
"l3","e0",3933371.99224781,59322.7648196399,65736.9739113587,1148.92117343715,1161998.3787876,1144.35698242688,0,2644020.59657335,"VIC_LD"
"l5","e0",4720546.79367013,59234.3991859811,59906.2754329477,1246.32871156033,1115027.85215764,1003.08914002826,0,3484128.84904197,"VIC_LD"
"l10","e0",5352429.5148291,58157.9407726408,52370.7507711094,1224.3535795346,1065328.07336847,1113.4135375034,0,4174234.98279984,"VIC_LD"
"l15","e0",5332224.59778749,57002.5242903912,49369.4020097359,1190.77688055509,1042216.83469194,1023.8150081333,0,4181421.24490674,"VIC_LD"
"l0","e1",1789867.15186067,59843.8835153702,79521.1309116737,1388.73589328812,1239372.64208857,1145.26588564519,408595.493566119,0,"VIC_LD"
"l1","e1",2982215.25867485,58304.6268137718,74135.3049915079,1203.63155901979,1200190.80018689,1065.40974674744,408595.493566119,1238719.99181079,"VIC_LD"
"l2","e1",3752683.52685619,57571.8553065881,69324.3500473944,1273.92511304343,1170822.22881167,960.029085505576,408595.493566119,2044135.64492587,"VIC_LD"
"l3","e1",4322388.06215815,57175.6696542944,64674.6721618554,1117.53280946076,1145695.71572972,1108.381663347,408595.493566119,2644020.59657335,"VIC_LD"
"l5","e1",5105844.89838512,56704.2769430371,58932.5609450756,1210.92180771991,1095227.84497522,1044.95110597489,408595.493566119,3484128.84904197,"VIC_LD"
"l10","e1",5742475.25261847,55885.6296989087,51363.6222137604,1197.82175297434,1050077.76170524,1119.94088162532,408595.493566119,4174234.98279984,"VIC_LD"
"l15","e1",5721362.23239194,55050.833060072,48590.312668378,1155.60596749519,1025576.77928731,971.962935830468,408595.493566119,4181421.24490674,"VIC_LD"
"l0","e2",2069695.47737453,57994.5365646333,78443.9484476207,1353.43126766997,1226572.78351386,956.553172921901,704374.224407819,0,"VIC_LD"
"l1","e2",3262371.8259874,56956.8751362099,72927.4796079632,1172.7764340601,1187165.31975523,1055.1588353224,704374.224407819,1238719.99181079,"VIC_LD"
"l2","e2",4036320.21274323,56869.134683465,68437.150869418,1236.79382413538,1160562.65718028,704.606852245274,704374.224407819,2044135.64492587,"VIC_LD"
"l3","e2",4605013.3661336,55691.663163738,63404.9934433568,1089.57174954076,1135425.49050996,1006.82628583168,704374.224407819,2644020.59657335,"VIC_LD"
"l5","e2",5390817.65954651,55958.3430959318,57710.9884590301,1172.55825515924,1086359.4049556,1113.29133100069,704374.224407819,3484128.84904197,"VIC_LD"
"l10","e2",6027725.3185317,55280.6184505289,50244.9659164636,1154.79232877487,1041491.94396118,943.790667092184,704374.224407819,4174234.98279984,"VIC_LD"
"l15","e2",6005174.29172184,53929.1039164243,47445.6658773746,1121.59957870683,1015913.9187926,968.534242175767,704374.224407819,4181421.24490674,"VIC_LD"
"l0","e3",2313266.7997522,57017.9750834247,77320.3193155508,1335.2488800144,1209383.3508972,896.16817530412,967313.737400714,0,"VIC_LD"
"l1","e3",3504585.24448026,56165.3977321992,71826.3724487735,1158.01427577608,1168543.4261013,858.30471070949,967313.737400714,1238719.99181079,"VIC_LD"
"l2","e3",4280461.93477484,55315.3723496168,67323.2937664121,1224.10310197156,1144481.62602713,668.157203121119,967313.737400714,2044135.64492587,"VIC_LD"
"l3","e3",4849229.67340305,54155.8445310237,62172.0412516537,1076.25630167314,1119504.48944193,986.707902704055,967313.737400714,2644020.59657335,"VIC_LD"
"l5","e3",5633841.18025559,54143.0152201493,56682.9017532356,1150.07717647909,1069642.23841878,780.361244257215,967313.737400714,3484128.84904197,"VIC_LD"
"l10","e3",6271294.11654197,54070.9746475035,49276.2562047331,1133.36601083323,1024556.68576433,708.113714023327,967313.737400714,4174234.98279984,"VIC_LD"
"l15","e3",6253411.35017326,52498.1573073776,46657.2518848698,1096.56393517066,1003816.80804456,607.586693830314,967313.737400714,4181421.24490674,"VIC_LD"
"l0","e5",2699763.98386613,53404.6478067497,75662.4719472348,1335.32130056821,1190996.6622695,922.975682433375,1377441.90485964,0,"VIC_LD"
"l1","e5",3894234.96214335,52439.9692683997,70285.866507895,1154.49272395312,1153617.92272329,574.814249382125,1377441.90485964,1238719.99181079,"VIC_LD"
"l2","e5",4665382.91129477,51086.1199096006,65487.9135664517,1226.0133606424,1125353.01978786,652.294884700284,1377441.90485964,2044135.64492587,"VIC_LD"
"l3","e5",5237837.62886459,50985.7215154352,61034.2009807855,1071.32402695658,1102456.26972484,827.611183588837,1377441.90485964,2644020.59657335,"VIC_LD"
"l5","e5",6021302.48063176,49598.2289014704,55240.7494517226,1169.06176614175,1053019.47426905,704.212341763571,1377441.90485964,3484128.84904197,"VIC_LD"
"l10","e5",6657960.70400188,50074.0859852406,47927.4916864316,1144.02043645042,1006383.59589364,754.622340635842,1377441.90485964,4174234.98279984,"VIC_LD"
"l15","e5",6641771.27338398,49448.0438743386,45288.0485897111,1108.06154353827,986608.978071978,454.99153803577,1377441.90485964,4181421.24490674,"VIC_LD"
"l0","e10",3152673.18330215,45307.4476032274,71224.6434566976,1201.44328682277,1137506.87779468,504.906196886944,1896927.86496383,0,"VIC_LD"
"l1","e10",4344964.4126186,44730.4840553592,66418.0979670993,1019.07500911235,1096515.6482637,633.25054871354,1896927.86496383,1238719.99181079,"VIC_LD"
"l2","e10",5119616.6965692,44330.8123789748,61671.1018214558,1096.31585738514,1070885.04769728,569.908924401955,1896927.86496383,2044135.64492587,"VIC_LD"
"l3","e10",5692395.67777926,43767.8949623657,57268.7101653419,950.53007087878,1048587.20556217,872.875481326969,1896927.86496383,2644020.59657335,"VIC_LD"
"l5","e10",6477563.59675102,43432.4041784199,51711.1181808567,1019.86063632128,999780.030765396,563.468984230167,1896927.86496383,3484128.84904197,"VIC_LD"
"l10","e10",7119956.83734588,43663.5683748667,44744.5148751271,991.363623451451,958687.719135764,706.823573001535,1896927.86496383,4174234.98279984,"VIC_LD"
"l15","e10",7100108.09584311,42568.8227255279,42313.4904460713,966.281843731379,935433.148508104,477.242449101355,1896927.86496383,4181421.24490674,"VIC_LD"
"l0","e15",3548903.03936163,42487.9546608486,68421.231551696,1178.20307041626,1101760.03207618,374.088356086694,2334681.5296464,0,"VIC_LD"
"l1","e15",4740503.17499901,41462.0109014584,63565.2399094002,993.064416779936,1060661.84161816,419.496696023959,2334681.5296464,1238719.99181079,"VIC_LD"
"l2","e15",5512692.28477711,40896.7073071883,59191.7063466586,1063.28715156251,1032313.03118626,410.378213174656,2334681.5296464,2044135.64492587,"VIC_LD"
"l3","e15",6087947.08611655,40719.4751852675,55120.7306896698,924.715534831212,1011980.58815603,499.450331000447,2334681.5296464,2644020.59657335,"VIC_LD"
"l5","e15",6873124.26748467,40037.9247073457,49628.9537715402,1000.40237448383,963252.364015748,394.243927179109,2334681.5296464,3484128.84904197,"VIC_LD"
"l10","e15",7515737.89546664,39544.8183949233,42773.9500219447,970.8154228671,923168.942476828,362.856703837024,2334681.5296464,4174234.98279984,"VIC_LD"
"l15","e15",7499214.36703295,39511.1499680248,40308.8415396367,945.716857809388,901842.316531273,503.567583065656,2334681.5296464,4181421.24490674,"VIC_LD"
"l0","e0",34952383.7361496,12879359.9332702,4919857.89217082,5432877.08686288,6172390.224134,5547898.5997117,0,0,"VIC"
"l1","e0",35847128.3946424,12866972.430655,4817161.73889164,5290524.10104065,6091489.01825331,5613879.86501949,0,1167101.24078232,"VIC"
"l2","e0",35875124.9377338,12480620.7036315,4729282.77745024,5322681.79832037,6016590.44212283,5454724.31200895,0,1871224.90419987,"VIC"
"l3","e0",36001137.2502215,12303731.4408965,4653795.27046976,5174940.64723203,5916103.91239718,5376272.86776683,0,2576293.11145918,"VIC"
"l5","e0",36695901.0888207,12150823.6210469,4665979.27495896,5190914.15989716,5850816.24949626,5269747.65241049,0,3567620.13101097,"VIC"
"l10","e0",36870629.5549822,11967151.8175143,4637907.94067414,5178606.15232179,5864902.78716863,5128271.11040917,0,4093789.74689422,"VIC"
"l15","e0",38347844.1810705,12252911.2679924,4747697.45254127,5271350.48214699,5940585.04954256,5242055.06908369,0,4893244.8597636,"VIC"
"l0","e1",35992433.0221027,12738210.5428737,4917018.33966642,5430539.63092913,6150570.47595468,5546446.21063173,1209647.82204705,0,"VIC"
"l1","e1",36302083.2309999,12504220.5153726,4773919.82690051,5177574.62971785,6034381.67813541,5435237.51804411,1209647.82204705,1167101.24078232,"VIC"
"l2","e1",36409506.8752672,12311806.8042626,4650723.81993226,5180891.71206589,5911122.91491202,5274088.89784751,1209647.82204705,1871224.90419987,"VIC"
"l3","e1",36776208.9135559,12113180.0388941,4573564.57222816,5070073.6047706,5821164.4061121,5412285.35804473,1209647.82204705,2576293.11145918,"VIC"
"l5","e1",37105127.0856634,11922279.8212219,4548456.31161444,5001090.91224481,5736168.17313384,5119863.91439043,1209647.82204705,3567620.13101097,"VIC"
"l10","e1",37365737.2492867,11713330.0477106,4578242.70241265,5045310.63843931,5726827.49355381,4998588.7982291,1209647.82204705,4093789.74689422,"VIC"
"l15","e1",38592159.6180311,11837229.2807892,4671261.88914959,5102293.63306993,5790955.94585001,5087526.18736175,1209647.82204705,4893244.8597636,"VIC"
"l0","e2",36316194.9064208,12474943.098854,4921708.82215044,5438850.9540331,6111671.26192616,5394601.87413202,1974418.89532508,0,"VIC"
"l1","e2",36770803.2614406,12401157.8505532,4759398.98383733,5159430.75655582,6005954.72147437,5303340.8129124,1974418.89532508,1167101.24078232,"VIC"
"l2","e2",36909938.0841513,12071395.85467,4652946.69838805,5186374.82767352,5887624.55481289,5265952.34908187,1974418.89532508,1871224.90419987,"VIC"
"l3","e2",37303005.7753107,12006439.9314672,4585494.79658511,5085347.59402458,5805065.98639123,5269945.46005833,1974418.89532508,2576293.11145918,"VIC"
"l5","e2",37629093.0308599,11796060.2766646,4540762.26698636,4945779.95847143,5708394.26093693,5096057.24146452,1974418.89532508,3567620.13101097,"VIC"
"l10","e2",37776856.0846644,11527584.0269937,4557613.82292046,5022836.3616274,5711231.96505548,4889381.26584816,1974418.89532508,4093789.74689422,"VIC"
"l15","e2",39026783.4457546,11631494.9745086,4663592.68599217,5105185.23320599,5789857.13851994,4968989.65843922,1974418.89532508,4893244.8597636,"VIC"
"l0","e3",36676855.1373369,12463983.3544043,4895228.38791394,5396814.66878964,6100849.83078846,5347311.95413208,2472666.94130847,0,"VIC"
"l1","e3",36873649.8393512,12100028.7770248,4731337.79752121,5179644.0450526,5963324.40412435,5259546.63353741,2472666.94130847,1167101.24078232,"VIC"
"l2","e3",37125228.8034758,11996083.4372238,4599819.30952328,5163110.67609151,5825714.87206783,5196608.663061,2472666.94130847,1871224.90419987,"VIC"
"l3","e3",37239019.7553185,11723715.0244671,4552407.26458028,5032390.27800487,5761474.21686439,5120072.9186342,2472666.94130847,2576293.11145918,"VIC"
"l5","e3",37736174.588695,11533576.3903554,4524433.72889623,4952929.83229066,5696600.74424153,4988346.82059178,2472666.94130847,3567620.13101097,"VIC"
"l10","e3",37863776.0201481,11290813.5697415,4536979.23263814,5037452.62890047,5659505.45277668,4772568.44788861,2472666.94130847,4093789.74689422,"VIC"
"l15","e3",39182537.3287881,11466885.3192681,4633881.23573983,5110725.20753737,5758220.88009898,4846912.88507177,2472666.94130847,4893244.8597636,"VIC"
"l0","e5",37296284.2218245,12255014.6114724,4889412.85288091,5427624.33525492,6137915.48505156,5270030.05922601,3316286.87793876,0,"VIC"
"l1","e5",37054666.5709503,11801910.7078558,4680408.66991551,5155549.56785323,5875892.12134223,5057517.38526242,3316286.87793876,1167101.24078232,"VIC"
"l2","e5",37270792.4985256,11591359.5270342,4556352.7577284,5095345.24316857,5785573.32477715,5054649.86367871,3316286.87793876,1871224.90419987,"VIC"
"l3","e5",37480988.3598183,11414406.397984,4524810.87493437,4981063.16546468,5777429.00434572,4890698.92769159,3316286.87793876,2576293.11145918,"VIC"
"l5","e5",38366777.0249919,11302575.9160261,4546073.37646937,5047725.89215594,5702233.28345954,4884261.54793127,3316286.87793876,3567620.13101097,"VIC"
"l10","e5",38263939.157766,11080584.4743491,4488267.71724796,4980718.24715361,5651270.79747588,4653021.2967065,3316286.87793876,4093789.74689422,"VIC"
"l15","e5",39444056.943494,11137808.9520495,4595059.81292118,5095178.70540255,5752525.44460799,4653952.29081042,3316286.87793876,4893244.8597636,"VIC"
"l0","e10",37638639.4943328,11808464.498626,4811562.49634053,5273072.22754707,6002133.14931644,5059023.66452666,4684383.45797614,0,"VIC"
"l1","e10",37721166.6884928,11529908.9934832,4625696.03975317,5026994.69502646,5860213.48222124,4826868.77925029,4684383.45797614,1167101.24078232,"VIC"
"l2","e10",37740999.1292336,11136087.3770107,4541185.30377168,5011356.5952747,5707668.31286423,4789093.17813627,4684383.45797614,1871224.90419987,"VIC"
"l3","e10",37874726.7795401,10909058.0920171,4473089.19820736,4890172.8150279,5640287.18835807,4701442.91649436,4684383.45797614,2576293.11145918,"VIC"
"l5","e10",38538312.1286886,10775973.3970131,4443448.85389884,4910124.58946374,5576293.2467543,4580468.4525715,4684383.45797614,3567620.13101097,"VIC"
"l10","e10",38818854.9957346,10572479.8693486,4456725.27410477,4938629.95694589,5564822.62346368,4508024.06700129,4684383.45797614,4093789.74689422,"VIC"
"l15","e10",40200590.4010676,10800495.2548877,4562303.65230667,5017987.47813692,5649934.51365163,4592241.18434493,4684383.45797614,4893244.8597636,"VIC"
"l0","e15",37155286.1148499,11192383.3993353,4766557.52771673,5296367.80050238,5946964.77645436,4709070.48722643,5243942.1236147,0,"VIC"
"l1","e15",36981179.7452192,10682067.6291655,4556819.03727016,4984485.0591083,5788455.03796109,4558309.61731711,5243942.1236147,1167101.24078232,"VIC"
"l2","e15",37211476.9954463,10517951.3206789,4464027.60826104,4991280.30564906,5648843.17304106,4474207.56000166,5243942.1236147,1871224.90419987,"VIC"
"l3","e15",37526134.3324726,10391453.2032478,4409871.00525708,4823594.08440916,5558344.08397232,4522636.72051233,5243942.1236147,2576293.11145918,"VIC"
"l5","e15",38069783.4472688,10200896.2955061,4376263.72833356,4838109.43486322,5494689.39600784,4348262.33793244,5243942.1236147,3567620.13101097,"VIC"
"l10","e15",38459962.2142977,10072816.3236792,4391097.02406724,4922254.93792844,5502926.29561933,4233135.7624946,5243942.1236147,4093789.74689422,"VIC"
"l15","e15",39556060.1959439,10157700.1303339,4485675.2915838,4947315.8712326,5579965.74168491,4248216.17773044,5243942.1236147,4893244.8597636,"VIC"
"l0","e0",16552440.6192492,4144214.09588562,326499.762702928,347026.877866192,4875105.31672751,6859594.56606696,0,0,"SA"
"l1","e0",16928130.1137697,4188610.92759867,328390.709380041,350707.481631807,4890705.69824206,6830718.73630426,0,338996.560612899,"SA"
"l2","e0",17285396.7107678,4208726.97768904,326813.508687853,352094.816527372,4905017.44007604,6897692.18026345,0,595051.787524074,"SA"
"l3","e0",17468012.8405534,4208320.98599705,326799.902622449,351415.965818633,4907973.22760186,6855693.48260143,0,817809.275911936,"SA"
"l5","e0",17738274.7611863,4204645.0050068,328156.719352084,352533.564662979,4935333.86067571,6838105.12165237,0,1079500.48983634,"SA"
"l10","e0",17847883.4369391,4184638.32435157,327666.053861148,351215.611775546,4909651.15734674,6867583.03208885,0,1207129.25751528,"SA"
"l15","e0",18147198.5045087,4233569.48801945,326369.154672635,352204.129696499,4912606.37499285,6857660.18442935,0,1464789.17269794,"SA"
"l0","e1",16740096.7914649,4102299.27141822,324560.345970906,350376.990487219,4876179.19132026,6738761.02612996,347919.966138378,0,"SA"
"l1","e1",16855254.6118951,4046029.85541268,322493.705794553,341906.343565714,4861012.35374156,6596895.82662932,347919.966138378,338996.560612899,"SA"
"l2","e1",17023425.6072243,4032251.32960136,320790.890391452,341747.617785354,4850577.84098728,6535086.17479642,347919.966138378,595051.787524074,"SA"
"l3","e1",17143034.85735,3973186.54265021,320758.479723332,340123.726980907,4841081.60315464,6502155.26279055,347919.966138378,817809.275911936,"SA"
"l5","e1",17342266.5852666,3970531.3266988,318217.256803559,338774.840149334,4819933.64506217,6467389.06057799,347919.966138378,1079500.48983634,"SA"
"l10","e1",17579125.253796,3994287.2314338,320050.923585258,340895.214442279,4838535.05589017,6530307.60479083,347919.966138378,1207129.25751528,"SA"
"l15","e1",17905017.7406996,4013335.22714591,320725.321436408,340064.277211451,4843453.949005,6574729.82706454,347919.966138378,1464789.17269794,"SA"
"l0","e2",16978033.3923985,4107461.39820042,326426.428537931,348797.786055588,4889377.38883297,6713210.30126628,592760.089505361,0,"SA"
"l1","e2",16913951.8170025,3980424.4578018,320919.819414117,339711.887705317,4843991.30599285,6497147.6959702,592760.089505361,338996.560612899,"SA"
"l2","e2",17131609.2844346,3977385.72805594,318870.610948194,338797.326439416,4826232.45285446,6482511.28910713,592760.089505361,595051.787524074,"SA"
"l3","e2",17287472.8247688,3948329.89057971,318988.844625292,337273.586550594,4832393.39225734,6439917.74533856,592760.089505361,817809.275911936,"SA"
"l5","e2",17543650.554471,3975776.80540686,317784.774175238,337632.133357458,4827429.40564249,6412766.85654724,592760.089505361,1079500.48983634,"SA"
"l10","e2",17674828.5738605,3942400.40692435,318457.180634438,338053.2533111,4818086.46233369,6457941.9236363,592760.089505361,1207129.25751528,"SA"
"l15","e2",17981682.8225999,3976171.42458577,318850.374211673,338187.53677761,4828871.73794749,6462052.4868741,592760.089505361,1464789.17269794,"SA"
"l0","e3",17102724.915677,4048164.23877884,322941.412170824,345630.908284095,4868804.86209776,6676821.76534968,840361.728995773,0,"SA"
"l1","e3",17000549.118876,3932499.44747774,317874.249441106,336713.606123058,4824954.59808584,6409148.92813959,840361.728995773,338996.560612899,"SA"
"l2","e3",17217652.7701527,3918051.85227316,317056.509865943,336533.133290221,4825257.75535733,6385340.00284621,840361.728995773,595051.787524074,"SA"
"l3","e3",17293377.6049951,3890843.31312732,315156.172821919,334240.512320688,4807385.74541272,6287580.85640472,840361.728995773,817809.275911936,"SA"
"l5","e3",17606991.3764556,3902015.68898738,315945.87321322,336069.456096691,4800758.63950243,6332339.49982375,840361.728995773,1079500.48983634,"SA"
"l10","e3",17776906.7405639,3904366.49951876,316202.627675878,335336.361947241,4806110.37533451,6367399.88957644,840361.728995773,1207129.25751528,"SA"
"l15","e3",18039758.1772591,3903910.25652946,317163.956556948,334868.887284186,4822322.45935102,6356341.71584376,840361.728995773,1464789.17269794,"SA"
"l0","e5",17006734.6368522,3957108.07092709,321570.95253485,342766.89860714,4852244.34220109,6352362.83388294,1180681.53869911,0,"SA"
"l1","e5",17119323.1182945,3856108.13914892,317236.794045599,335288.69352454,4838526.93350545,6252484.45875799,1180681.53869911,338996.560612899,"SA"
"l2","e5",17304629.0178566,3845363.39207892,314773.556279611,335066.833894477,4808944.19252312,6224747.71685733,1180681.53869911,595051.787524074,"SA"
"l3","e5",17449231.0647903,3844973.79142819,314934.113727887,333881.284946365,4801245.74142742,6155705.31864941,1180681.53869911,817809.275911936,"SA"
"l5","e5",17731019.5349022,3831694.62873809,313753.889609503,333661.049118184,4812349.38490904,6179378.55399191,1180681.53869911,1079500.48983634,"SA"
"l10","e5",17815518.4921763,3824599.12026016,314119.158000205,332390.184878329,4810209.78529183,6146389.44753135,1180681.53869911,1207129.25751528,"SA"
"l15","e5",18132837.4757574,3839814.37281007,315069.635609185,333111.362504361,4828412.4444795,6170958.94895728,1180681.53869911,1464789.17269794,"SA"
"l0","e10",16854704.2749348,3721503.02249176,313693.940809135,336922.958405076,4808926.53435464,6029298.99766521,1644358.82120899,0,"SA"
"l1","e10",16934279.7927853,3653540.35959757,309571.141047412,327800.008215247,4756513.21788181,5903499.68422139,1644358.82120899,338996.560612899,"SA"
"l2","e10",17137139.2466324,3638269.4454923,308905.470143801,327418.970353827,4760085.55499582,5863049.19691356,1644358.82120899,595051.787524074,"SA"
"l3","e10",17343377.4694962,3645899.32360356,308228.932792141,325456.528152703,4759273.48126304,5842351.10656384,1644358.82120899,817809.275911936,"SA"
"l5","e10",17573481.0726592,3625130.20727955,306799.682187842,325901.664861532,4753460.55750529,5838329.64977966,1644358.82120899,1079500.48983634,"SA"
"l10","e10",17732167.8357541,3637628.88922831,307909.025437033,325835.808851876,4751648.61593899,5857657.41757366,1644358.82120899,1207129.25751528,"SA"
"l15","e10",18012909.1243376,3643638.1063374,308055.063033141,327574.43395482,4761956.22705429,5862537.30005107,1644358.82120899,1464789.17269794,"SA"
"l0","e15",16884831.0089605,3711370.39364821,311560.818441428,332910.632003143,4814178.44153892,5946432.7128542,1768378.01047459,0,"SA"
"l1","e15",16901994.5670541,3631930.82238463,306478.071781626,325386.957745908,4748635.36693373,5782188.77712074,1768378.01047459,338996.560612899,"SA"
"l2","e15",17104377.7819294,3611616.09748137,305686.367377147,324539.166279101,4739306.94616965,5759799.40662342,1768378.01047459,595051.787524074,"SA"
"l3","e15",17301355.4760116,3592338.05285749,305185.141876452,323479.338597153,4742890.01716807,5751275.63912587,1768378.01047459,817809.275911936,"SA"
"l5","e15",17571636.9449236,3584650.56571336,305324.403170584,322800.325541783,4753142.94196837,5757840.20821862,1768378.01047459,1079500.48983634,"SA"
"l10","e15",17663855.4666217,3586249.11805963,304876.610860872,322473.870067957,4731147.62510711,5743600.97453629,1768378.01047459,1207129.25751528,"SA"
"l15","e15",17915011.2352761,3600328.83783003,304769.147697371,322134.180779742,4735992.1074201,5718619.77837633,1768378.01047459,1464789.17269794,"SA"
"l0","e0",3217624.12750691,702551.764098329,237378.386616746,22361.586367432,401258.813752318,1854073.57667209,0,0,"ACT"
"l1","e0",4098947.91860717,651710.80889859,196316.323147912,18956.4397334147,356577.633833829,1642701.44449418,0,1232685.26849924,"ACT"
"l2","e0",4510236.19726175,529614.145567287,154272.742537308,16445.3543399678,310888.881707122,1399207.40067708,0,2099807.67243298,"ACT"
"l3","e0",5496704.38605498,597571.049084021,130809.549308687,14095.8269931828,279802.537915968,1547967.23220818,0,2926458.19054494,"ACT"
"l5","e0",6473686.5878367,495092.442701579,104019.367630102,13044.4143156254,248754.924212881,1353968.52676362,0,4258806.91221289,"ACT"
"l10","e0",6995822.03404608,448016.252819405,78403.8564282053,11053.786275329,206813.671862163,1193790.7274666,0,5057743.73919438,"ACT"
"l15","e0",7626084.07770435,494052.677584325,64160.3323858482,10132.5258951243,180313.69358816,1292463.98528431,0,5584960.86296659,"ACT"
"l0","e1",3380531.6088746,673711.137939393,236212.578586426,22103.7076278812,399580.736818078,1742979.51360326,305943.93429956,0,"ACT"
"l1","e1",4355645.89725576,627254.674139195,194897.510996643,18674.0267546902,356022.241392207,1620168.24117423,305943.93429956,1232685.26849924,"ACT"
"l2","e1",4820429.01438939,517000.786955759,153393.158203056,16283.8390563904,308329.132462596,1419670.49097904,305943.93429956,2099807.67243298,"ACT"
"l3","e1",5736212.15159218,570372.555423592,129889.59494652,13874.1430335865,280078.345823349,1509595.38752063,305943.93429956,2926458.19054494,"ACT"
"l5","e1",6766254.14467089,499991.884723974,103061.381828699,12870.8020380068,246363.226675336,1339216.00289242,305943.93429956,4258806.91221289,"ACT"
"l10","e1",7230680.49819748,430967.193800107,77742.2711684131,10923.231374192,204468.721402971,1142891.40695786,305943.93429956,5057743.73919438,"ACT"
"l15","e1",7873480.61830836,459713.457100662,63606.2472067904,9979.29119726914,179261.181734188,1270015.6438033,305943.93429956,5584960.86296659,"ACT"
"l0","e2",3576580.02290492,652657.973701911,235364.311383652,22165.1175513441,399693.675594992,1779030.25303844,487668.691634583,0,"ACT"
"l1","e2",4387183.91676989,574272.389438472,195229.60447751,18642.8573361255,355955.81877345,1522729.28661051,487668.691634583,1232685.26849924,"ACT"
"l2","e2",4885788.47722478,489815.315089444,153234.117337398,16065.0430193706,309360.888638546,1329836.74907246,487668.691634583,2099807.67243298,"ACT"
"l3","e2",5835759.6945972,546918.559200443,129640.549769321,13873.8875363777,279673.190120454,1451526.62579108,487668.691634583,2926458.19054494,"ACT"
"l5","e2",6922032.11805883,471769.849368991,102683.172958399,12742.1027874565,247840.671951459,1340520.71714505,487668.691634583,4258806.91221289,"ACT"
"l10","e2",7445778.80916044,421835.128121198,77341.6048833207,10804.1209383513,205278.183179545,1185107.34120906,487668.691634583,5057743.73919438,"ACT"
"l15","e2",7960267.55702467,444616.058571108,63137.5193367616,9878.98900186946,180098.512607997,1189906.92290576,487668.691634583,5584960.86296659,"ACT"
"l0","e3",3765583.98953712,634335.96118987,235377.337508204,21925.4342074983,396053.322450894,1813389.87299067,664502.061189978,0,"ACT"
"l1","e3",4439036.84530131,547383.08585273,195023.634401394,18427.6758712978,352118.191037656,1428896.92844902,664502.061189978,1232685.26849924,"ACT"
"l2","e3",5048469.02033431,472375.864498244,152758.031519107,15983.1921960741,305486.681010768,1337555.51748716,664502.061189978,2099807.67243298,"ACT"
"l3","e3",5979967.26520075,551239.492906305,129518.855614237,13669.9658460543,278371.314631788,1416207.38446745,664502.061189978,2926458.19054494,"ACT"
"l5","e3",7124337.34744299,496181.341432546,102090.243001258,12535.3672259668,244606.794393598,1345614.62798675,664502.061189978,4258806.91221289,"ACT"
"l10","e3",7678708.50161425,450953.306954193,77364.8117902523,10597.509584542,202157.92309533,1215389.14980558,664502.061189978,5057743.73919438,"ACT"
"l15","e3",8123139.27263425,429504.026477539,63121.6144036012,9672.51438435853,178874.135505158,1192504.05770703,664502.061189978,5584960.86296659,"ACT"
"l0","e5",3758097.13101158,585254.604619397,233114.072209414,21771.2932845463,393218.44018226,1592785.89988712,931952.820828844,0,"ACT"
"l1","e5",4577386.27787022,481126.954722067,193794.085686518,18220.8692851502,349067.742110312,1370538.53673809,931952.820828844,1232685.26849924,"ACT"
"l2","e5",5323437.13386659,486148.044674596,151139.856174754,15631.5711828722,305281.293464994,1333475.87510755,931952.820828844,2099807.67243298,"ACT"
"l3","e5",5890952.48410179,425062.810805665,127564.436322631,13305.3951172694,274104.030386059,1192504.80009639,931952.820828844,2926458.19054494,"ACT"
"l5","e5",7094873.66139271,403722.221145793,101257.329284444,12331.12442695,240195.220935949,1146608.03255784,931952.820828844,4258806.91221289,"ACT"
"l10","e5",7814397.42302598,391393.663299467,75870.3400258314,10302.3487807171,199264.319170204,1147870.19172653,931952.820828844,5057743.73919438,"ACT"
"l15","e5",8238249.42948463,390459.754898627,61915.3172325491,9377.72488093993,173692.524233833,1085890.42444325,931952.820828844,5584960.86296659,"ACT"
"l0","e10",2763903.24394947,225466.702282768,230658.680753107,21353.5359471874,387131.406706188,729720.05311643,1169572.86514379,0,"ACT"
"l1","e10",3871521.54991628,212283.833135544,191160.479366859,17920.0313986948,346992.352888428,700906.719483728,1169572.86514379,1232685.26849924,"ACT"
"l2","e10",4635671.07937017,210046.726290484,149687.464366728,15419.0532299075,301901.285637159,689236.012269125,1169572.86514379,2099807.67243298,"ACT"
"l3","e10",5387358.81938185,207777.466753367,125722.816852217,13129.3514686861,268657.761832336,676040.366786513,1169572.86514379,2926458.19054494,"ACT"
"l5","e10",6631650.12059009,196190.098204547,99470.3970813441,12219.7306165725,237608.058349919,657782.058981028,1169572.86514379,4258806.91221289,"ACT"
"l10","e10",7350524.70698071,189809.298315837,74929.5953190026,10101.1196456413,197989.818388313,650378.270973745,1169572.86514379,5057743.73919438,"ACT"
"l15","e10",7823899.78189952,185488.233465773,60471.6684383859,9221.44166788685,171786.219273572,642398.490943518,1169572.86514379,5584960.86296659,"ACT"
"l0","e15",2895278.29522003,213698.580863637,229168.139099411,21350.6202355652,388062.677688315,767827.819191198,1275170.4581419,0,"ACT"
"l1","e15",4006061.35186057,216637.65510074,190479.107231836,17902.8937527005,345882.323274106,727303.645860046,1275170.4581419,1232685.26849924,"ACT"
"l2","e15",4749237.63497607,202492.016025485,148706.175030829,15337.7238649535,299325.054621904,708398.534858022,1275170.4581419,2099807.67243298,"ACT"
"l3","e15",5488625.11462174,197116.965063064,125294.5004824,13059.5165528097,268086.600704815,683438.883131808,1275170.4581419,2926458.19054494,"ACT"
"l5","e15",6740185.79712385,189606.369399978,98888.8634185745,12129.5981524022,239008.125288804,666575.470509304,1275170.4581419,4258806.91221289,"ACT"
"l10","e15",7460168.89853807,183437.79228727,74634.2458503915,10054.0424677287,198983.76503618,660144.855560223,1275170.4581419,5057743.73919438,"ACT"
"l15","e15",7923718.66423129,179326.118471099,59937.645207406,9074.4699401432,170080.724371607,645168.385132545,1275170.4581419,5584960.86296659,"ACT"
"l0","e0",6968296.64903388,162788.586610081,850462.019640216,205.672870264546,5525238.24647692,429602.123436396,0,0,"NSW_SWS"
"l1","e0",7438439.38640072,167400.399922512,839930.225946935,205.442365962077,5495731.72934923,446578.896722493,0,488592.692093589,"NSW_SWS"
"l2","e0",7725489.39650898,173197.508461854,830011.251473053,204.778230003696,5468343.43656957,458598.855452177,0,795133.566322324,"NSW_SWS"
"l3","e0",7790354.22496689,168696.792384603,827429.132131905,206.288880841307,5460023.92896117,452768.590393122,0,881229.492215249,"NSW_SWS"
"l5","e0",7933249.61596688,169785.771030255,816144.150160965,202.515146055103,5418107.8345668,459364.767913634,0,1069644.57714917,"NSW_SWS"
"l10","e0",7926131.4297632,174188.649264699,797117.785036101,207.872136280564,5366440.54494143,481456.733670058,0,1106719.84471463,"NSW_SWS"
"l15","e0",7980820.52684996,175295.65207076,784676.000131037,204.289930960599,5330357.55063034,485097.882069732,0,1205189.15201713,"NSW_SWS"
"l0","e1",7339602.57968701,163249.184363765,842508.343669151,208.236200512475,5485954.90835636,440388.408749967,407293.498347255,0,"NSW_SWS"
"l1","e1",7802981.81689157,166281.640489718,831548.927820426,209.255812439553,5460835.95810514,448219.844223,407293.498347255,488592.692093589,"NSW_SWS"
"l2","e1",8099735.31601136,171841.838027502,821535.313081753,204.401251880233,5435590.82093047,468135.878050175,407293.498347255,795133.566322324,"NSW_SWS"
"l3","e1",8153355.86985224,168631.795483826,817774.049775984,204.573602988578,5425087.89276907,453134.56765787,407293.498347255,881229.492215249,"NSW_SWS"
"l5","e1",8321413.56810444,176452.681162505,807517.875603314,201.823233863816,5387262.97097121,473040.141637123,407293.498347255,1069644.57714917,"NSW_SWS"
"l10","e1",8299253.03285594,176476.593226069,789211.970453958,205.865270173864,5334340.97033498,485004.290508874,407293.498347255,1106719.84471463,"NSW_SWS"
"l15","e1",8350397.9354382,176143.827944462,776379.368430398,204.006530436911,5300064.072363,485124.009805518,407293.498347255,1205189.15201713,"NSW_SWS"
"l0","e2",7621361.3685247,168611.358275666,839340.763718897,206.992067724432,5472012.86090495,438849.399566181,702339.993991278,0,"NSW_SWS"
"l1","e2",8086050.72619166,169109.49559899,828343.180259319,202.692943854022,5446354.13375842,451108.537546213,702339.993991278,488592.692093589,"NSW_SWS"
"l2","e2",8355933.13109483,169724.416411808,817741.548681531,207.411138915292,5417246.3845927,453539.80995627,702339.993991278,795133.566322324,"NSW_SWS"
"l3","e2",8426872.46261918,166254.726642522,814408.260137049,204.259372964142,5411795.89606964,450639.834190481,702339.993991278,881229.492215249,"NSW_SWS"
"l5","e2",8585622.63290403,173312.995404127,803723.640193081,203.511652347243,5371750.37659965,464647.537914374,702339.993991278,1069644.57714917,"NSW_SWS"
"l10","e2",8576472.24527469,180210.706934952,784619.38832969,208.792103869798,5317515.71812658,484857.801073681,702339.993991278,1106719.84471463,"NSW_SWS"
"l15","e2",8619107.80603062,171857.463492621,772795.519731554,208.16136749486,5283380.27633404,483337.239096502,702339.993991278,1205189.15201713,"NSW_SWS"
"l0","e3",7710865.2434935,166825.916876747,825175.795478103,208.543190754671,5430247.71675428,459080.11246288,829327.158730743,0,"NSW_SWS"
"l1","e3",8172397.91977386,168400.79379451,816736.642755279,208.637347059361,5409685.48853716,459446.50651552,829327.158730743,488592.692093589,"NSW_SWS"
"l2","e3",8463244.71592116,172421.371798219,806458.503901884,206.689243000326,5385940.03926115,473757.38666384,829327.158730743,795133.566322324,"NSW_SWS"
"l3","e3",8513343.70045827,171688.593450721,803026.688602001,208.018900159958,5367179.90130331,460683.847256086,829327.158730743,881229.492215249,"NSW_SWS"
"l5","e3",8685337.94934574,173764.134444235,792875.898329154,205.483202449663,5337002.81060981,482517.886880176,829327.158730743,1069644.57714917,"NSW_SWS"
"l10","e3",8660537.381209,179143.931798604,774820.932615038,204.922100226925,5281756.77225718,488563.81899258,829327.158730743,1106719.84471463,"NSW_SWS"
"l15","e3",8719276.39862533,179754.042321432,764402.902695597,208.985261992545,5242100.7151344,498293.442464039,829327.158730743,1205189.15201713,"NSW_SWS"
"l0","e5",7950483.27018868,172141.602702237,813436.986254138,206.473919876597,5390636.89236601,438873.096422114,1135188.2185243,0,"NSW_SWS"
"l1","e5",8429426.05005889,172809.904643056,805170.602189159,207.726631979266,5366027.70510313,461429.200873673,1135188.2185243,488592.692093589,"NSW_SWS"
"l2","e5",8717007.33532196,177076.201949529,794217.922689573,207.061038978855,5342769.28424829,472415.08054897,1135188.2185243,795133.566322324,"NSW_SWS"
"l3","e5",8784608.44800459,177756.563259992,792385.257456212,207.042145802879,5331077.11341663,466764.760986406,1135188.2185243,881229.492215249,"NSW_SWS"
"l5","e5",8933846.26125164,180510.481023791,780193.50304767,206.614992770756,5293428.38623624,474674.480277697,1135188.2185243,1069644.57714917,"NSW_SWS"
"l10","e5",8940552.48022806,180190.568797388,761898.78314919,206.696551275629,5255557.0798683,500791.288622974,1135188.2185243,1106719.84471463,"NSW_SWS"
"l15","e5",8998257.92913509,182263.955659331,753354.361958468,207.186837707442,5205378.3190118,516676.735126353,1135188.2185243,1205189.15201713,"NSW_SWS"
"l0","e10",8188416.31731511,178752.754531162,789671.134020735,204.988062075529,5330327.59193273,474703.748814222,1414756.09995419,0,"NSW_SWS"
"l1","e10",8656252.06453165,183269.139084239,781068.870937382,206.495173431573,5304174.43479943,484184.332489394,1414756.09995419,488592.692093589,"NSW_SWS"
"l2","e10",8959736.55108467,186894.859353262,771774.98028102,204.444280940187,5284199.76278631,506772.838106629,1414756.09995419,795133.566322324,"NSW_SWS"
"l3","e10",9039028.97013168,187577.079452377,767763.158852287,208.424085725436,5272503.92758818,514990.787983675,1414756.09995419,881229.492215249,"NSW_SWS"
"l5","e10",9173369.909105,188029.033180862,755577.364295749,202.365964894654,5232016.21109815,513144.25746198,1414756.09995419,1069644.57714917,"NSW_SWS"
"l10","e10",9166785.09313818,191150.427907215,738753.331935619,205.174355053083,5183611.93259329,531588.281678189,1414756.09995419,1106719.84471463,"NSW_SWS"
"l15","e10",9225752.04148749,193578.260270546,729315.329422434,207.541974319098,5145680.03493228,537025.622916588,1414756.09995419,1205189.15201713,"NSW_SWS"
"l0","e15",8597184.54646202,183559.892018239,776604.709790401,205.402044671065,5289536.4352208,496213.955462708,1851064.1519252,0,"NSW_SWS"
"l1","e15",9079281.80508667,185023.935547497,767027.691910208,207.466568527242,5261087.56317855,526278.303863106,1851064.1519252,488592.692093589,"NSW_SWS"
"l2","e15",9341802.91527754,185380.793704413,757024.889511744,206.345115473983,5229500.18006791,523492.988630475,1851064.1519252,795133.566322324,"NSW_SWS"
"l3","e15",9420116.61519546,185281.893765009,753838.351111953,207.767730518453,5222192.76389694,526302.194550582,1851064.1519252,881229.492215249,"NSW_SWS"
"l5","e15",9574504.59116758,191664.620893693,742573.004618157,204.462330570663,5188306.04774409,531047.726506702,1851064.1519252,1069644.57714917,"NSW_SWS"
"l10","e15",9573663.31803354,195501.897775465,729264.326707204,206.256185847447,5140751.06120836,550155.779516842,1851064.1519252,1106719.84471463,"NSW_SWS"
"l15","e15",9624473.182942,191425.459741194,717734.962194974,209.055395026812,5102949.10509703,555901.296571443,1851064.1519252,1205189.15201713,"NSW_SWS"
"l0","e0",6964488.15159465,2357411.18546863,294074.19498792,63718.338606321,412717.907687124,3836566.52484465,0,0,"BM"
"l1","e0",7774052.39137766,2413601.86498587,295646.155755171,64732.6356486523,423433.63422245,4241197.55054687,0,335440.550218643,"BM"
"l2","e0",7642380.70576354,2305067.90007298,268381.805962557,61390.5748545109,392568.717309579,4039250.96991628,0,575720.737647636,"BM"
"l3","e0",8093123.29269024,2399521.82916648,261376.11516136,61977.6401514385,386086.624335523,4173540.45401781,0,810620.629857628,"BM"
"l5","e0",7410168.67740207,2040645.29198217,207511.288590113,54332.2828055287,314268.697594464,3679886.33300512,0,1113524.78342467,"BM"
"l10","e0",7938033.35751199,2087382.17993277,191905.945754015,52743.6914753098,285657.80562109,3725903.78979086,0,1594439.94493794,"BM"
"l15","e0",8229741.99583714,2107266.11098759,190880.078884122,51830.3439447511,285129.787484641,3723898.57948295,0,1870737.09505308,"BM"
"l0","e1",7572164.74540238,2315266.35919146,317974.797814758,65684.8443237951,447899.214058365,4188319.28598848,237020.244025522,0,"BM"
"l1","e1",6362249.66948801,1946398.41532091,253069.265158602,55302.0002152032,370019.263630113,3164999.93091902,237020.244025522,335440.550218643,"BM"
"l2","e1",5905989.40867723,1694226.18355384,222211.425469643,50745.0088642582,329976.239503612,2796089.56961271,237020.244025522,575720.737647636,"BM"
"l3","e1",5959025.15052303,1658861.7433342,205769.207901209,49045.3965404251,309848.612400675,2687859.31646337,237020.244025522,810620.629857628,"BM"
"l5","e1",5225540.21878348,1275625.01422836,155170.318547407,40710.3515692776,242489.701617258,2160999.80537099,237020.244025522,1113524.78342467,"BM"
"l10","e1",5756735.50751522,1298881.49427072,141984.485320255,38050.9161648909,223696.308166419,2222662.11462947,237020.244025522,1594439.94493794,"BM"
"l15","e1",5904725.97254203,1249118.06156688,136783.490145318,36214.1624965053,213583.183018,2161269.73623672,237020.244025522,1870737.09505308,"BM"
"l0","e2",7181806.38744717,2127760.67256575,300013.960031422,61329.1813069902,427450.928491604,3873458.67637958,391792.968671822,0,"BM"
"l1","e2",5810340.25443009,1673428.23420271,231558.36529314,50065.8130198353,344095.765091323,2783958.55793262,391792.968671822,335440.550218643,"BM"
"l2","e2",5933753.08429022,1631988.44905079,217466.041547116,48398.5493906953,324833.360733438,2743552.97724872,391792.968671822,575720.737647636,"BM"
"l3","e2",5870925.19067307,1541510.84908652,199591.641882384,46420.4673129755,302363.646774367,2578624.98708738,391792.968671822,810620.629857628,"BM"
"l5","e2",5145449.16420915,1153761.06443466,149224.414900999,37361.8703320485,233043.565950219,2066740.49649473,391792.968671822,1113524.78342467,"BM"
"l10","e2",5670869.36221067,1199385.47765734,132985.743729604,35172.7620945668,212344.438582513,2104748.02653688,391792.968671822,1594439.94493794,"BM"
"l15","e2",5852078.1930882,1146173.48868146,128178.705116464,33322.9117883824,202981.265857795,2078891.7579192,391792.968671822,1870737.09505308,"BM"
"l0","e3",7349898.11213307,2128386.81711415,307322.164294624,60401.5974365714,442421.258134344,3880453.77053729,530912.504616094,0,"BM"
"l1","e3",5589924.37507128,1513986.38844939,226688.558191331,48299.6730822203,337309.081795197,2597287.61871841,530912.504616094,335440.550218643,"BM"
"l2","e3",5663474.28199661,1476064.00180143,212408.635816406,46190.9777878671,317428.808440224,2504748.61588695,530912.504616094,575720.737647636,"BM"
"l3","e3",5969298.26093785,1492386.22060393,202904.488197562,45486.4768335545,306200.339600773,2580787.60122831,530912.504616094,810620.629857628,"BM"
"l5","e3",5171050.31020416,1098756.66496384,150707.819003031,36618.96041003,235320.42834918,2005209.14943731,530912.504616094,1113524.78342467,"BM"
"l10","e3",5660119.02055006,1124303.51213756,133528.694748091,33907.0148475522,210703.78177071,2032323.56749212,530912.504616094,1594439.94493794,"BM"
"l15","e3",5837474.74586896,1083522.16348539,129124.034223811,32308.8972033404,204624.439945072,1986245.61134217,530912.504616094,1870737.09505308,"BM"
"l0","e5",6318881.64008715,1626512.2334651,261716.421708269,51142.8670717139,374929.811761721,3265743.06829009,738837.237790252,0,"BM"
"l1","e5",4713220.51111798,1090701.43047634,183334.846255268,39211.0385749749,279501.952641853,2046193.45516065,738837.237790252,335440.550218643,"BM"
"l2","e5",4773852.37396448,1032842.76500953,168447.028871714,36553.4646644153,257888.067721278,1963563.07225965,738837.237790252,575720.737647636,"BM"
"l3","e5",5000376.78218149,1036313.33539231,160225.235393817,35930.9353233494,249190.526863304,1969258.88156083,738837.237790252,810620.629857628,"BM"
"l5","e5",5241617.11201185,1040813.50658964,149027.56548043,35504.9504808824,232375.511658588,1931533.55658739,738837.237790252,1113524.78342467,"BM"
"l10","e5",5347277.11737647,897636.824741827,117024.300659673,28984.1276225391,186369.12442961,1783985.55719463,738837.237790252,1594439.94493794,"BM"
"l15","e5",5602152.16613726,878824.246355799,113487.923016624,27346.8272817076,180223.197566813,1792695.63907299,738837.237790252,1870737.09505308,"BM"
"l0","e10",6003673.65402795,1343102.0037969,273961.779614146,47453.5530098262,378058.60546369,2905502.52126638,1055595.19087701,0,"BM"
"l1","e10",4712126.85190349,911070.520434287,186799.285817085,35145.8740421135,276383.679845005,1911691.75066934,1055595.19087701,335440.550218643,"BM"
"l2","e10",4715512.65882582,854439.050633787,167295.337769767,32508.4398137929,254131.987723233,1775821.91436059,1055595.19087701,575720.737647636,"BM"
"l3","e10",4900389.31775453,853299.598015781,157599.272311607,31587.3696827187,240779.943492224,1750907.31351756,1055595.19087701,810620.629857628,"BM"
"l5","e10",4876365.7147274,738316.545438957,130472.613971425,28316.367075599,202476.241495069,1607663.97244467,1055595.19087701,1113524.78342467,"BM"
"l10","e10",5287630.25369358,725319.735941279,120065.090876419,25705.482238303,186922.067924503,1579582.74089812,1055595.19087701,1594439.94493794,"BM"
"l15","e10",5525226.22588077,704006.927106358,112334.363865855,23516.811354563,173210.584850491,1585825.25277341,1055595.19087701,1870737.09505308,"BM"
"l0","e15",5881170.67892092,1169852.10703483,279736.676177518,43969.7892102969,375073.272106484,2715136.9645257,1297401.86986609,0,"BM"
"l1","e15",4555662.88805797,745922.726401944,181027.332786455,31205.0873479862,268377.808887334,1696287.51254952,1297401.86986609,335440.550218643,"BM"
"l2","e15",4635467.88546933,702322.15234357,162173.561789988,28661.9802500791,242987.281370848,1626200.30220112,1297401.86986609,575720.737647636,"BM"
"l3","e15",4823176.80488095,689332.807286881,153986.177383465,27720.7662620877,231656.485070237,1612458.06915456,1297401.86986609,810620.629857628,"BM"
"l5","e15",4875230.01121895,615760.432328354,128473.653738387,24727.799295862,197652.045660457,1497689.42690513,1297401.86986609,1113524.78342467,"BM"
"l10","e15",5275306.73734117,587008.542456094,114876.809631372,21623.2021771799,173579.674754731,1486376.69351777,1297401.86986609,1594439.94493794,"BM"
"l15","e15",5579072.2445642,595101.356569508,117318.593442081,21281.5494117365,176584.102113361,1500647.67810835,1297401.86986609,1870737.09505308,"BM"
"l0","e0",7372689.25212634,4326258.71152792,650814.69426981,69637.9872706299,1033784.1255059,1292193.73355208,0,0,"TAS"
"l1","e0",7925636.98492917,4337125.75506853,643499.683051261,68577.3122359411,1020392.15402578,1264507.73704146,0,591534.343506195,"TAS"
"l2","e0",7984637.01621481,4311152.21540996,636583.361700758,68064.1756553721,1015150.48894291,1241309.69097353,0,712377.083532274,"TAS"
"l3","e0",7941638.86848737,4197720.09335381,629624.984677583,66689.1243487261,1012994.91668433,1235766.02815083,0,798843.721272083,"TAS"
"l5","e0",7902382.93538668,4088198.1733416,622195.718129156,67013.0568196872,1004114.28548191,1180263.76307474,0,940597.938539588,"TAS"
"l10","e0",7847906.73517367,3977273.54307294,606206.911890072,63794.2775867514,972637.847150451,1109861.78147035,0,1118132.3740031,"TAS"
"l15","e0",7506063.80204348,3700822.77167141,589544.831120743,63215.6351558326,949115.339711433,1021641.61202027,0,1181723.6123638,"TAS"
"l0","e1",7464685.12595407,3836867.73792051,635547.868364815,66304.1328307046,1018800.31493864,1114042.51483034,793122.557069051,0,"TAS"
"l1","e1",7960765.11465777,3798048.75564656,625561.942905571,65672.7863405413,1011186.80435209,1075637.92483776,793122.557069051,591534.343506195,"TAS"
"l2","e1",8064317.90991412,3804220.22150215,620183.681899941,65568.7142531064,997673.02054077,1071172.63111683,793122.557069051,712377.083532274,"TAS"
"l3","e1",8073422.95509209,3771131.27314703,618290.701471735,64053.5649902419,994077.715286687,1033903.42185527,793122.557069051,798843.721272083,"TAS"
"l5","e1",8110663.4270358,3701553.0560301,609286.284861708,63338.1049466636,980928.045810233,1021837.43977845,793122.557069051,940597.938539588,"TAS"
"l10","e1",8041680.14787958,3530858.88027936,593563.624724757,61525.3103464732,951507.015566598,992970.385890234,793122.557069051,1118132.3740031,"TAS"
"l15","e1",7740002.94517604,3301243.09059202,579390.113374239,60870.2736807325,935212.944737927,888440.353358267,793122.557069051,1181723.6123638,"TAS"
"l0","e2",7377620.38534916,3514565.86911116,618911.767390509,65086.4000967761,992005.861957107,982945.364969195,1204105.12182441,0,"TAS"
"l1","e2",7950258.40317456,3518619.10636656,611414.460896724,63695.6238271169,991189.570608331,969700.176145221,1204105.12182441,591534.343506195,"TAS"
"l2","e2",7935119.6472399,3424707.51846734,605465.772907629,63509.0078663793,970490.661119352,954464.481522515,1204105.12182441,712377.083532274,"TAS"
"l3","e2",7964190.51221438,3393199.50383298,601430.276148777,62779.3943758686,976167.776486503,927664.718273758,1204105.12182441,798843.721272083,"TAS"
"l5","e2",8004679.88232095,3321857.14446553,593320.005427483,61659.4370014306,964608.134572035,918532.100490477,1204105.12182441,940597.938539588,"TAS"
"l10","e2",7919444.54253507,3135067.38747561,575142.270436886,58897.9892447197,940376.467170992,887722.932379356,1204105.12182441,1118132.3740031,"TAS"
"l15","e2",7738920.25879126,3011885.04977936,565078.039509888,58231.8055631186,923064.156060324,794832.473690356,1204105.12182441,1181723.6123638,"TAS"
"l0","e3",7343389.81380337,3261981.88812198,607301.470305114,62899.2637653158,977936.046200106,890155.669704025,1543115.47570683,0,"TAS"
"l1","e3",7874560.683872,3254858.93936022,599279.583257397,62677.4313097322,973771.011267646,849323.899463974,1543115.47570683,591534.343506195,"TAS"
"l2","e3",7917620.30607146,3184221.82045947,592117.328519603,62068.1404585737,959587.720806616,864132.7365881,1543115.47570683,712377.083532274,"TAS"
"l3","e3",7940439.58036725,3148252.13797207,590403.706278348,61728.6993126719,958030.409520906,840065.430304346,1543115.47570683,798843.721272083,"TAS"
"l5","e3",7882984.644668,3021756.63758786,581517.162272997,61306.0167424698,944502.523330048,790188.890488203,1543115.47570683,940597.938539588,"TAS"
"l10","e3",7897757.86584521,2922272.82839169,565931.112393357,58220.6359789624,923924.241492544,766161.197878721,1543115.47570683,1118132.3740031,"TAS"
"l15","e3",7699600.00485064,2760491.69035885,553515.119008415,57183.9452023655,905059.697021017,698510.465189359,1543115.47570683,1181723.6123638,"TAS"
"l0","e5",7272972.15478095,2750822.72154788,579534.915302616,57440.6794775015,936910.729186276,717431.768583811,2230831.34068286,0,"TAS"
"l1","e5",7762168.93990047,2668995.49492006,571004.388656843,56182.8559933695,942031.476966035,701589.039175103,2230831.34068286,591534.343506195,"TAS"
"l2","e5",7862501.32944709,2663700.48414299,567357.603646879,56407.1702017955,923721.723057201,708105.924183091,2230831.34068286,712377.083532274,"TAS"
"l3","e5",7865385.47690026,2614078.91792764,563680.737791505,55505.5607131522,911554.934683499,690890.263829522,2230831.34068286,798843.721272083,"TAS"
"l5","e5",7950951.24802479,2573301.73401995,553187.562218808,54939.2880287086,913120.577325563,684972.807209305,2230831.34068286,940597.938539588,"TAS"
"l10","e5",7913154.42931522,2449828.47373176,539567.390532593,51978.368159533,878967.416484048,643849.065721325,2230831.34068286,1118132.3740031,"TAS"
"l15","e5",7733486.98458049,2281056.05359831,526910.713028128,51777.3340643487,874183.067565377,587004.863277667,2230831.34068286,1181723.6123638,"TAS"
"l0","e10",6861119.21583861,1972244.43182149,539751.815932278,49642.0527297792,885416.526906114,499962.141978635,2914102.24647032,0,"TAS"
"l1","e10",7359974.08883851,1918972.59760081,532355.869331169,49798.7133392798,871906.055449986,481304.263140756,2914102.24647032,591534.343506195,"TAS"
"l2","e10",7433629.77118329,1877588.30485872,527145.774774993,49171.0859836861,866891.550727125,486353.724836175,2914102.24647032,712377.083532274,"TAS"
"l3","e10",7543273.5402294,1893451.50079829,523634.502268264,49316.3160181063,861111.506442661,502813.746959677,2914102.24647032,798843.721272083,"TAS"
"l5","e10",7585382.12912958,1843655.01718341,515101.269005103,48003.4893344465,851086.578592561,472835.590004157,2914102.24647032,940597.938539588,"TAS"
"l10","e10",7605216.12185117,1740688.68392237,502242.05990381,46190.9385962434,830062.504847763,453797.314107563,2914102.24647032,1118132.3740031,"TAS"
"l15","e10",7557990.79020419,1685375.71002905,490591.381577025,45567.5199407214,811804.623593983,428825.696229287,2914102.24647032,1181723.6123638,"TAS"
"l0","e15",6695668.2412362,1700170.06608944,520935.220400709,47431.2283779206,862336.383977332,426961.627872288,3137833.71451851,0,"TAS"
"l1","e15",7220129.86854748,1654434.73575176,513505.174921384,47573.5692298033,853513.514717242,421734.815902584,3137833.71451851,591534.343506195,"TAS"
"l2","e15",7271574.00321084,1609931.05717415,507013.822898291,46997.9213941384,846351.360732656,411069.042960824,3137833.71451851,712377.083532274,"TAS"
"l3","e15",7380963.8612229,1628570.89904552,504618.956888475,46922.8911885574,846012.346020689,418161.332289063,3137833.71451851,798843.721272083,"TAS"
"l5","e15",7393121.24378886,1538880.10830847,497775.062161834,45513.1199283264,835990.857511298,396530.442820839,3137833.71451851,940597.938539588,"TAS"
"l10","e15",7456212.08832958,1499088.51256158,480625.261076893,44040.415758496,808969.76204833,367522.048362663,3137833.71451851,1118132.3740031,"TAS"
"l15","e15",8460669.71174536,2128627.8459032,513740.366952767,49518.4336991629,855932.743080124,593292.995227798,3137833.71451851,1181723.6123638,"TAS"
"l0","e0",993729.484979043,615465.759804941,34128.3768721162,2050.88609268123,50629.1144988657,291455.347710438,0,0,"QLD"
"l1","e0",1630201.50749161,615733.617829528,33916.8687655076,2036.46950090102,50640.9188747012,289038.618707887,0,638835.013813082,"QLD"
"l2","e0",1984317.79628522,615822.663392149,33769.2959944752,2034.54873920727,49998.2363342194,288324.308643346,0,994368.743181826,"QLD"
"l3","e0",2228739.69078379,615045.784729989,33702.1933326763,2035.44895437685,50078.3891607949,288459.473657845,0,1239418.40094811,"QLD"
"l5","e0",2486954.12745636,615966.458224521,33460.3099878597,2027.24077750959,49668.868043465,290467.417967042,0,1495363.83245596,"QLD"
"l10","e0",2886830.80566798,614775.804060315,32970.0045630423,2034.59599377978,49214.5326678852,287009.683038486,0,1900826.18534447,"QLD"
"l15","e0",3015768.52334819,614964.152305324,33014.9588569294,2028.01607228515,49153.6502911313,287873.157028607,0,2028734.58879391,"QLD"
"l0","e1",2712417.61697057,579592.490272327,33042.5644382718,2034.76696884503,48960.5003116319,275270.161303425,1773517.13367607,0,"QLD"
"l1","e1",3350441.05965339,579346.739210376,32908.5288095374,1973.22197861817,48931.1445967826,274929.277568923,1773517.13367607,638835.013813082,"QLD"
"l2","e1",3705342.59700543,579290.900325157,32794.136984915,2018.94653886454,48498.1514823544,274854.584816242,1773517.13367607,994368.743181826,"QLD"
"l3","e1",3949885.64283973,578865.510173105,32768.83915156,2026.90612615962,48314.2620885285,274974.590676193,1773517.13367607,1239418.40094811,"QLD"
"l5","e1",4204274.06203493,579304.028842759,32239.7725291387,2035.46326256638,47883.8768225886,273929.954445847,1773517.13367607,1495363.83245596,"QLD"
"l10","e1",4605599.16627337,577704.631171196,32018.2402425867,2018.67310871864,47497.6723608401,272016.630369488,1773517.13367607,1900826.18534447,"QLD"
"l15","e1",4736433.8447679,578325.338843693,32050.8808520039,2014.91056771151,47608.1651845189,274182.82684999,1773517.13367607,2028734.58879391,"QLD"
"l0","e2",4151082.884722,572732.317515422,31855.965746494,1902.60197077907,47642.0125583739,266190.034418692,3230759.95251224,0,"QLD"
"l1","e2",4787750.52714367,571893.152724379,31745.3032748256,1893.44798652061,47753.5886443536,264870.068188269,3230759.95251224,638835.013813082,"QLD"
"l2","e2",5143205.89004136,572614.254840876,31633.9527696528,1882.20152050374,47045.9742168728,264900.810999387,3230759.95251224,994368.743181826,"QLD"
"l3","e2",5387391.08045848,571806.652283503,31523.8408978302,1893.54550633206,47087.1695940949,264901.518716367,3230759.95251224,1239418.40094811,"QLD"
"l5","e2",5643548.89753817,572666.091944767,31101.4898107259,1910.73688697271,46652.0124630068,265094.781464502,3230759.95251224,1495363.83245596,"QLD"
"l10","e2",6045920.32154725,571432.878534465,30831.3000661992,1889.78872313046,46206.7913826939,263973.424984047,3230759.95251224,1900826.18534447,"QLD"
"l15","e2",6173533.84113562,571288.989337105,30846.5036340021,1882.13613869963,46269.5373648166,263752.133354844,3230759.95251224,2028734.58879391,"QLD"
"l0","e3",5130658.04315159,532305.949676841,31014.9382652253,1821.49291408062,46099.2670528146,246524.694064593,4272891.70117803,0,"QLD"
"l1","e3",5766742.33554253,531491.072468037,30837.1501748129,1806.64932676526,45789.3509079625,245091.397673836,4272891.70117803,638835.013813082,"QLD"
"l2","e3",6122890.66994668,531639.45046005,30747.3027294107,1816.23425051634,45581.6904227239,245845.54772412,4272891.70117803,994368.743181826,"QLD"
"l3","e3",6367830.22752858,531795.25477249,30768.0130469971,1811.01356483926,45449.9979262504,245695.846091866,4272891.70117803,1239418.40094811,"QLD"
"l5","e3",6625682.98220018,533022.571254643,30289.648240968,1801.06413205629,44986.1392752811,247328.025663236,4272891.70117803,1495363.83245596,"QLD"
"l10","e3",7027072.69222732,530796.598102677,29988.3685962158,1816.0437190337,44595.7888723152,246158.006414575,4272891.70117803,1900826.18534447,"QLD"
"l15","e3",7155904.7783181,531552.812192582,30084.7949881623,1802.21407383174,44537.4771673078,246301.189924276,4272891.70117803,2028734.58879391,"QLD"
"l0","e5",6788179.12239188,514520.467179499,29966.1220654688,1572.91050287378,44563.7358566644,239810.488645495,5957745.39814188,0,"QLD"
"l1","e5",7427336.97817714,514988.377492822,29610.4513617763,1593.15296414775,44514.9386861087,240049.645717327,5957745.39814188,638835.013813082,"QLD"
"l2","e5",7782781.11528196,514728.992189627,29543.7965368629,1588.52575771954,44259.4356189483,240546.223855101,5957745.39814188,994368.743181826,"QLD"
"l3","e5",8025987.68040878,514052.424348576,29359.4499159681,1586.81367363143,43902.5342981125,239922.659082505,5957745.39814188,1239418.40094811,"QLD"
"l5","e5",8280220.85789639,514134.187124994,29326.3484563285,1561.11360201249,43596.7121369554,238493.265978259,5957745.39814188,1495363.83245596,"QLD"
"l10","e5",8686885.53606218,513999.110861397,28814.7483700487,1583.99386639792,43136.1316107198,240779.967867273,5957745.39814188,1900826.18534447,"QLD"
"l15","e5",8812934.50667972,513848.523546531,28839.3979497284,1584.42589837209,43116.2279794512,239065.944369846,5957745.39814188,2028734.58879391,"QLD"
"l0","e10",8538264.09763177,423205.051546259,26254.8287671478,1339.32227122648,38814.9336042712,189198.772470661,7859451.1889722,0,"QLD"
"l1","e10",9176996.96450977,423266.943497493,26139.2931738363,1341.93213817701,38722.0869166085,189240.505998374,7859451.1889722,638835.013813082,"QLD"
"l2","e10",9532148.63033595,423287.581700116,26037.6718445273,1338.01837497294,38540.4776072768,189124.948655029,7859451.1889722,994368.743181826,"QLD"
"l3","e10",9776503.90601458,423089.450385805,25991.9918351917,1336.33530224635,38317.0535750062,188899.484996021,7859451.1889722,1239418.40094811,"QLD"
"l5","e10",10029724.0901493,422742.124617679,25774.0598460676,1328.50599926207,37695.5230415899,187368.855216507,7859451.1889722,1495363.83245596,"QLD"
"l10","e10",10436007.7416341,422413.126313484,25535.3249710822,1341.53258892465,37394.3751149362,189046.008328954,7859451.1889722,1900826.18534447,"QLD"
"l15","e10",10564111.5269698,422791.971344272,25590.1862596824,1336.41328236764,37455.7301292599,188751.448188089,7859451.1889722,2028734.58879391,"QLD"
"l0","e15",9187087.38971686,354044.109640285,24193.1893145592,1109.35700360195,34654.1938597643,160590.659190783,8612495.88070787,0,"QLD"
"l1","e15",9825669.86935688,354023.376356125,24064.8497542709,1094.98801492139,34578.9631823579,160576.797528258,8612495.88070787,638835.013813082,"QLD"
"l2","e15",10180640.2164023,353799.206492317,23960.9430221503,1109.34369242688,34308.0139435687,160598.085362168,8612495.88070787,994368.743181826,"QLD"
"l3","e15",10424921.4076635,353650.346907695,23904.0297360092,1109.34233960442,34121.5797277932,160221.827296372,8612495.88070787,1239418.40094811,"QLD"
"l5","e15",10679860.9914359,353249.559720827,23732.8915404658,1104.15686777658,33795.0361183744,160119.634024586,8612495.88070787,1495363.83245596,"QLD"
"l10","e15",11084616.5330258,353252.733476894,23378.1713621669,1107.0261035337,33517.9207282257,160038.61530259,8612495.88070787,1900826.18534447,"QLD"
"l15","e15",11213241.2546086,353214.690201342,23472.8441315089,1102.77875850831,33452.8720654372,160767.599950033,8612495.88070787,2028734.58879391,"QLD"
"l0","e0",747489.404742769,100590.645348203,104809.244188825,0,396764.458052434,145325.057153306,0,0,"NSW_SEC"
"l1","e0",2758034.78584253,98507.9385127913,90415.4485151191,0,365336.630789603,138269.839761009,0,2065504.92826401,"NSW_SEC"
"l2","e0",4398327.16528241,99336.2303993533,80298.9103876701,0,339642.712332452,144225.712992935,0,3734823.59917,"NSW_SEC"
"l3","e0",5889996.1954155,95141.199261501,72722.5709699342,0,324480.369254825,136670.63104825,0,5260981.42488099,"NSW_SEC"
"l5","e0",8375337.08400911,92872.0139378051,57517.5253204059,0,274729.742908859,133115.150026451,0,7817102.65181559,"NSW_SEC"
"l10","e0",10161830.3295821,88723.7869693348,50481.8322894561,0,251774.165283005,124751.333112848,0,9646099.2119275,"NSW_SEC"
"l15","e0",10441153.4335417,87520.7840607418,48652.6739294015,0,242820.242560469,121484.379334839,0,9940675.35365626,"NSW_SEC"
"l0","e1",1793092.19652005,87019.5455124563,101837.424770967,0,387029.951858883,127144.483694915,1090060.79068283,0,"NSW_SEC"
"l1","e1",3808767.84361079,85816.6838577688,86783.8170337243,0,357692.943638205,122908.68013425,1090060.79068283,2065504.92826401,"NSW_SEC"
"l2","e1",5445207.92767798,85985.2126215726,76295.7871919197,0,334267.552353251,123774.98565841,1090060.79068283,3734823.59917,"NSW_SEC"
"l3","e1",6941621.02518971,81072.536832167,69301.1147548423,0,320588.751423476,119616.406615406,1090060.79068283,5260981.42488099,"NSW_SEC"
"l5","e1",9425506.68509741,81067.9646617287,54527.2879249631,0,267210.782134052,115537.207878244,1090060.79068283,7817102.65181559,"NSW_SEC"
"l10","e1",11212274.1274205,75264.9620436766,47793.5411035074,0,244266.082593961,108789.539069065,1090060.79068283,9646099.2119275,"NSW_SEC"
"l15","e1",11497545.8584582,75890.8935046024,46853.3973094454,0,236747.514061723,107317.909243304,1090060.79068283,9940675.35365626,"NSW_SEC"
"l0","e2",2481248.31439056,76321.3017531494,97771.7330045252,0,378257.851672339,110658.732306489,1818238.69565406,0,"NSW_SEC"
"l1","e2",4500469.18484584,76305.8727742241,82974.1380960909,0,348177.106537471,109268.443519984,1818238.69565406,2065504.92826401,"NSW_SEC"
"l2","e2",6130736.76926621,74441.0635650417,73180.8957843666,0,324885.643046799,105166.872045941,1818238.69565406,3734823.59917,"NSW_SEC"
"l3","e2",7625446.4304292,72936.3804836151,66195.5127519428,0,305485.024566604,101609.392091984,1818238.69565406,5260981.42488099,"NSW_SEC"
"l5","e2",10111246.3445882,71414.4771532277,51454.1955487606,0,255881.812616888,97154.5117996885,1818238.69565406,7817102.65181559,"NSW_SEC"
"l10","e2",11909193.9452554,68788.6625347004,45035.7157523716,0,235058.861455698,95972.7979310896,1818238.69565406,9646099.2119275,"NSW_SEC"
"l15","e2",12187138.6841451,66453.2273566505,43679.7934492605,0,226710.21260616,91381.4014226728,1818238.69565406,9940675.35365626,"NSW_SEC"
"l0","e3",3204796.34732007,72600.7344037511,94843.4672101336,0,368798.362062851,97810.1718198408,2570743.61182349,0,"NSW_SEC"
"l1","e3",5227053.79329072,71831.6747593736,80636.3907020307,0,340492.428059965,97844.759681848,2570743.61182349,2065504.92826401,"NSW_SEC"
"l2","e3",6860037.67528552,72321.1006116197,71350.9086339194,0,315373.567656633,95424.8873898627,2570743.61182349,3734823.59917,"NSW_SEC"
"l3","e3",8352673.11818194,68260.5730417428,63644.4070785123,0,299285.016789711,89758.0845674946,2570743.61182349,5260981.42488099,"NSW_SEC"
"l5","e3",10839938.3928861,66230.0095087999,49207.7564955484,0,250203.336797737,86451.0264448971,2570743.61182349,7817102.65181559,"NSW_SEC"
"l10","e3",12637490.565796,64156.330434382,43416.3508030987,0,228812.420794147,84262.6400133944,2570743.61182349,9646099.2119275,"NSW_SEC"
"l15","e3",12919173.1784492,63553.9319350273,41643.4145622923,0,220660.864839074,81896.0016330385,2570743.61182349,9940675.35365626,"NSW_SEC"
"l0","e5",4192038.49414622,52695.1398650965,88678.8614576843,0,352070.494985537,76793.4535084434,3621800.54432946,0,"NSW_SEC"
"l1","e5",6210557.35038841,50563.6713930105,75092.2601099372,0,321907.505763991,75688.4405280039,3621800.54432946,2065504.92826401,"NSW_SEC"
"l2","e5",7845374.61399241,50522.5848238725,65820.5620769554,0,300079.43736958,72327.8862225369,3621800.54432946,3734823.59917,"NSW_SEC"
"l3","e5",9343175.97180629,50223.5353266792,58806.4962867145,0,280661.801690044,70702.1692924008,3621800.54432946,5260981.42488099,"NSW_SEC"
"l5","e5",11835080.7226398,48656.2575668261,45094.2469522122,0,232880.931903821,69546.0900718495,3621800.54432946,7817102.65181559,"NSW_SEC"
"l10","e5",13634181.160106,46688.4663933473,40076.3689979246,0,212399.79728294,67116.7711748683,3621800.54432946,9646099.2119275,"NSW_SEC"
"l15","e5",13917533.5966578,45733.8180203352,38770.9543183812,0,203913.755681022,66639.1706522946,3621800.54432946,9940675.35365626,"NSW_SEC"
"l0","e10",5531727.29196402,37917.4821957,81622.2997995917,0,326472.839584243,62476.0482827633,5023238.62210172,0,"NSW_SEC"
"l1","e10",7553825.7727823,36744.2164361834,69228.6207398077,0,299140.173890201,59969.2113503794,5023238.62210172,2065504.92826401,"NSW_SEC"
"l2","e10",9191277.37102623,37520.7226941141,60439.4914856869,0,275638.198675646,59616.7368990672,5023238.62210172,3734823.59917,"NSW_SEC"
"l3","e10",10688635.3260952,36246.5860785063,53719.8550163735,0,256049.093305234,58399.7447123449,5023238.62210172,5260981.42488099,"NSW_SEC"
"l5","e10",13187858.7579796,36111.5147966896,40615.7816152612,0,212976.326603602,57813.8610467116,5023238.62210172,7817102.65181559,"NSW_SEC"
"l10","e10",14994048.1050811,35328.1355665873,35878.9079845344,0,195550.223626757,57953.0038740432,5023238.62210172,9646099.2119275,"NSW_SEC"
"l15","e10",15280103.3044859,35175.6664490425,34850.7813030284,0,189323.475353181,56839.4056226491,5023238.62210172,9940675.35365626,"NSW_SEC"
"l0","e15",5809021.94126734,30613.5880524664,77347.5847639142,0,312109.304714604,52807.1116809367,5336144.35205542,0,"NSW_SEC"
"l1","e15",7833219.6371935,30464.129813397,64965.7423282625,0,283989.471850722,52151.0128816873,5336144.35205542,2065504.92826401,"NSW_SEC"
"l2","e15",9472874.05056687,30189.1645694793,56833.7693745824,0,262781.779605937,52101.3857914545,5336144.35205542,3734823.59917,"NSW_SEC"
"l3","e15",10974243.0132345,30120.9195479291,50345.6146969198,0,245275.45190612,51375.2501471137,5336144.35205542,5260981.42488099,"NSW_SEC"
"l5","e15",13475024.7393275,29703.1636011491,38293.0360901304,0,202523.406461326,51258.1293038377,5336144.35205542,7817102.65181559,"NSW_SEC"
"l10","e15",15282701.5416746,29544.115924601,33640.4120412487,0,186109.309588271,51164.1401376107,5336144.35205542,9646099.2119275,"NSW_SEC"
"l15","e15",15569273.1346192,29072.0039267534,32813.1838503005,0,179717.195825642,50851.0453047897,5336144.35205542,9940675.35365626,"NSW_SEC"
